Data,Otwarcie,Najwyzszy,Najnizszy,Zamkniecie
2019-01-02,0.0033569,0.0033589,0.0033363,0.0033363
2019-01-03,0.003382,0.003382,0.0033465,0.0033487
2019-01-04,0.0033485,0.0033555,0.0033349,0.003352
2019-01-07,0.0033725,0.0033725,0.0033549,0.0033566
2019-01-08,0.0033498,0.0033528,0.0033395,0.0033403
2019-01-09,0.0033421,0.0033531,0.003336,0.0033408
2019-01-10,0.0033252,0.0033312,0.0033209,0.0033278
2019-01-11,0.0033392,0.0033408,0.0033333,0.0033372
2019-01-14,0.0033457,0.0033463,0.0033278,0.0033324
2019-01-15,0.0033327,0.0033405,0.0033327,0.0033376
2019-01-16,0.0033477,0.0033611,0.0033469,0.0033597
2019-01-17,0.0033547,0.0033558,0.0033488,0.0033518
2019-01-18,0.0033552,0.0033605,0.0033539,0.0033593
2019-01-21,0.0033503,0.0033523,0.0033403,0.0033422
2019-01-22,0.0033258,0.0033379,0.0033257,0.0033353
2019-01-23,0.0033359,0.0033505,0.0033349,0.0033455
2019-01-24,0.003345,0.0033474,0.0033345,0.0033359
2019-01-25,0.0033617,0.003373,0.0033585,0.003373
2019-01-28,0.0033559,0.0033688,0.0033559,0.0033637
2019-01-29,0.0033507,0.0033648,0.0033496,0.0033614
2019-01-30,0.0033573,0.0033643,0.0033573,0.0033607
2019-01-31,0.0033622,0.0033622,0.0033499,0.0033568
2019-02-01,0.0033475,0.0033512,0.0033315,0.0033342
2019-02-07,0.0033682,0.003373,0.0033643,0.003365
2019-02-08,0.0033781,0.0033834,0.003372,0.003381
2019-02-11,0.0033882,0.0033899,0.0033825,0.0033825
2019-02-12,0.0034044,0.0034151,0.0034025,0.0034143
2019-02-13,0.0034068,0.0034082,0.0033988,0.0034042
2019-02-14,0.0034251,0.0034255,0.0034156,0.0034204
2019-02-15,0.0033947,0.0034041,0.0033944,0.0034023
2019-02-18,0.0034047,0.0034073,0.0034023,0.0034033
2019-02-19,0.0034029,0.0034036,0.0033959,0.0033973
2019-02-20,0.0034024,0.0034052,0.0033962,0.0034032
2019-02-21,0.0034009,0.003402,0.0033922,0.0033988
2019-02-22,0.0033973,0.003398,0.0033927,0.0033959
2019-02-25,0.003408,0.003415,0.0034025,0.0034107
2019-02-26,0.0034149,0.0034167,0.0034114,0.0034134
2019-02-27,0.0034027,0.003404,0.0033949,0.0034023
2019-02-28,0.0033956,0.0033963,0.0033862,0.0033862
2019-03-04,0.0033568,0.0033684,0.0033551,0.0033675
2019-03-05,0.0033576,0.0033724,0.0033575,0.0033722
2019-03-06,0.0033749,0.0033802,0.0033705,0.0033726
2019-03-07,0.0033686,0.003374,0.0033649,0.003368
2019-03-08,0.0033971,0.003404,0.0033871,0.003388
2019-03-11,0.0033752,0.0033795,0.0033726,0.0033748
2019-03-12,0.0033751,0.0033879,0.0033751,0.0033842
2019-03-13,0.0033764,0.0033765,0.0033614,0.0033653
2019-03-14,0.0033559,0.0033592,0.0033469,0.0033478
2019-03-15,0.0033497,0.0033556,0.0033401,0.0033419
2019-03-18,0.0033446,0.0033534,0.003342,0.0033511
2019-03-19,0.0033449,0.003351,0.0033423,0.0033473
2019-03-20,0.00334,0.0033463,0.0033392,0.0033448
2019-03-21,0.0033252,0.0033294,0.0033223,0.0033246
2019-03-22,0.0033383,0.0033437,0.0033313,0.0033337
2019-03-25,0.0033502,0.0033562,0.0033493,0.0033535
2019-03-26,0.0033423,0.0033524,0.003342,0.0033497
2019-03-27,0.0033536,0.003363,0.003352,0.0033588
2019-03-28,0.0033487,0.003357,0.0033487,0.0033539
2019-03-29,0.0033698,0.0033708,0.0033645,0.0033653
2019-04-01,0.0033703,0.0033872,0.0033703,0.0033809
2019-04-02,0.003383,0.0033844,0.0033728,0.0033728
2019-04-03,0.0033723,0.0033778,0.0033716,0.0033737
2019-04-04,0.0033636,0.003366,0.0033556,0.0033601
2019-04-05,0.0033645,0.0033647,0.0033603,0.0033619
2019-04-08,0.0033612,0.0033632,0.0033414,0.0033428
2019-04-09,0.0033348,0.0033348,0.0033282,0.0033314
2019-04-10,0.0033336,0.0033395,0.0033282,0.0033385
2019-04-11,0.0033363,0.0033363,0.0033277,0.003334
2019-04-12,0.0033312,0.0033318,0.0033244,0.0033291
2019-04-15,0.0033362,0.003343,0.0033324,0.0033415
2019-04-16,0.0033308,0.003333,0.003328,0.0033282
2019-04-17,0.0033288,0.003335,0.0033245,0.0033299
2019-04-18,0.0033396,0.0033396,0.0033236,0.0033252
2019-04-22,0.0033491,0.0033491,0.0033314,0.003332
2019-04-23,0.003336,0.0033442,0.0033345,0.003335
2019-04-24,0.0033407,0.0033423,0.0033214,0.0033258
2019-04-25,0.0033328,0.0033342,0.0033211,0.003323
2019-04-26,0.0033223,0.0033326,0.0033166,0.0033194
2019-04-29,0.0033251,0.0033281,0.0033222,0.0033241
2019-04-30,0.0033096,0.0033112,0.0032887,0.0032907
2019-05-02,0.0032812,0.0032918,0.00328,0.0032808
2019-05-03,0.0032883,0.0032886,0.0032751,0.0032817
2019-05-07,0.0032714,0.0032731,0.0032581,0.0032695
2019-05-08,0.00327,0.0032777,0.0032694,0.0032765
2019-05-09,0.0032676,0.0032731,0.0032519,0.003252
2019-05-10,0.0032467,0.0032572,0.0032385,0.0032554
2019-05-13,0.0032545,0.0032561,0.0032294,0.0032316
2019-05-14,0.003227,0.0032351,0.0032239,0.0032266
2019-05-15,0.0032375,0.0032377,0.003228,0.00323
2019-05-16,0.0032328,0.0032334,0.0032183,0.0032189
2019-05-17,0.0032317,0.003236,0.0032211,0.0032233
2019-05-20,0.0032279,0.0032356,0.0032271,0.003233
2019-05-21,0.0032232,0.0032308,0.0032229,0.0032264
2019-05-22,0.0032339,0.0032353,0.0032265,0.0032302
2019-05-23,0.0032414,0.003248,0.0032335,0.0032464
2019-05-24,0.0032349,0.0032387,0.0032328,0.0032356
2019-05-27,0.0032338,0.0032367,0.0032302,0.0032354
2019-05-28,0.0032387,0.0032387,0.0032262,0.0032268
2019-05-29,0.00324,0.00324,0.0032218,0.003224
2019-05-30,0.0032311,0.0032458,0.003231,0.0032425
2019-05-31,0.0032421,0.0032425,0.0032284,0.003236
2019-06-03,0.0032236,0.0032475,0.0032209,0.0032461
2019-06-04,0.0032303,0.0032306,0.0032162,0.0032176
2019-06-05,0.0032292,0.0032292,0.0032164,0.0032177
2019-06-07,0.0032124,0.0032181,0.0032113,0.0032133
2019-06-10,0.0031833,0.0031859,0.0031776,0.0031801
2019-06-11,0.0031826,0.0031945,0.0031782,0.0031885
2019-06-12,0.0031935,0.0031937,0.0031793,0.0031793
2019-06-13,0.0031844,0.0031861,0.0031739,0.0031857
2019-06-14,0.0031919,0.003192,0.0031855,0.0031897
2019-06-17,0.0031992,0.0032013,0.0031954,0.0032001
2019-06-18,0.0032028,0.0032057,0.0031978,0.003201
2019-06-19,0.0032403,0.0032419,0.0032296,0.0032411
2019-06-20,0.0032378,0.0032495,0.0032275,0.0032494
2019-06-21,0.0032513,0.0032513,0.0032352,0.0032399
2019-06-24,0.0032241,0.0032345,0.0032222,0.0032345
2019-06-25,0.0032334,0.0032336,0.0032269,0.0032311
2019-06-26,0.0032365,0.0032387,0.0032311,0.0032372
2019-06-27,0.0032473,0.0032479,0.0032391,0.00324
2019-06-28,0.0032325,0.0032399,0.0032294,0.0032378
2019-07-01,0.0032301,0.0032456,0.0032298,0.0032341
2019-07-02,0.003236,0.0032366,0.0032193,0.0032214
2019-07-03,0.0032226,0.0032234,0.0032072,0.0032084
2019-07-04,0.0032109,0.003216,0.003208,0.0032141
2019-07-05,0.003218,0.0032187,0.0032114,0.003213
2019-07-08,0.0032231,0.0032235,0.0032076,0.0032083
2019-07-09,0.0032165,0.0032193,0.0032141,0.0032165
2019-07-10,0.0032227,0.0032289,0.0032212,0.0032225
2019-07-11,0.0032226,0.003232,0.0032151,0.0032299
2019-07-12,0.0032301,0.0032303,0.0032131,0.0032142
2019-07-15,0.0032175,0.0032179,0.0032075,0.0032115
2019-07-16,0.0032089,0.0032168,0.0032034,0.0032166
2019-07-17,0.0032204,0.0032221,0.0032139,0.0032148
2019-07-18,0.0032192,0.0032283,0.0032088,0.0032233
2019-07-19,0.0032242,0.0032259,0.0032158,0.0032173
2019-07-22,0.003223,0.0032235,0.0032148,0.0032184
2019-07-23,0.0032232,0.0032237,0.0032159,0.0032218
2019-07-24,0.0032369,0.0032455,0.003236,0.0032414
2019-07-25,0.0032396,0.0032403,0.0032339,0.0032355
2019-07-26,0.0032282,0.0032286,0.0032209,0.0032262
2019-07-29,0.00324,0.0032469,0.0032383,0.0032442
2019-07-30,0.0032514,0.0032613,0.003251,0.0032589
2019-07-31,0.0032616,0.003264,0.0032563,0.0032603
2019-08-01,0.0032615,0.00327,0.0032581,0.0032657
2019-08-02,0.0032529,0.0032602,0.0032476,0.0032482
2019-08-05,0.0032202,0.0032226,0.0031871,0.0031878
2019-08-06,0.0031571,0.0031862,0.0031512,0.0031732
2019-08-07,0.0031769,0.0031773,0.0031665,0.0031727
2019-08-08,0.0031807,0.0031893,0.0031717,0.0031824
2019-08-09,0.0032003,0.0032003,0.003189,0.0031914
2019-08-12,0.0031778,0.0031789,0.0031719,0.0031746
2019-08-13,0.0031699,0.0031748,0.0031671,0.0031702
2019-08-14,0.0032141,0.0032145,0.0031951,0.0031988
2019-08-16,0.0032466,0.0032544,0.0032412,0.0032526
2019-08-19,0.0032384,0.0032402,0.0032284,0.0032344
2019-08-20,0.003255,0.0032615,0.0032465,0.0032605
2019-08-21,0.0032591,0.0032757,0.003249,0.0032683
2019-08-22,0.0032607,0.003261,0.0032505,0.0032543
2019-08-23,0.0032507,0.0032543,0.0032395,0.0032537
2019-08-26,0.0032386,0.0032388,0.003224,0.003227
2019-08-27,0.0032417,0.0032427,0.003232,0.0032381
2019-08-28,0.0032584,0.0032584,0.0032501,0.0032504
2019-08-29,0.0032669,0.0032676,0.0032559,0.0032563
2019-08-30,0.003283,0.0032909,0.0032783,0.0032818
2019-09-02,0.003288,0.0032906,0.0032775,0.0032873
2019-09-03,0.0032777,0.0032866,0.0032763,0.0032781
2019-09-04,0.0032719,0.0032785,0.0032698,0.0032722
2019-09-05,0.0032698,0.0032942,0.0032685,0.003293
2019-09-06,0.0032862,0.003291,0.0032832,0.0032837
2019-09-09,0.003301,0.0033057,0.0032935,0.0032985
2019-09-10,0.0032916,0.0032975,0.0032897,0.0032913
2019-09-11,0.0032944,0.0032975,0.0032871,0.0032927
2019-09-16,0.0033087,0.0033103,0.0032964,0.0033041
2019-09-17,0.0033231,0.0033247,0.003306,0.0033074
2019-09-18,0.0032956,0.0033021,0.0032934,0.0032948
2019-09-19,0.0033047,0.0033062,0.0032863,0.0032908
2019-09-20,0.003291,0.0033052,0.0032891,0.0033014
2019-09-23,0.0033237,0.0033316,0.0033189,0.0033211
2019-09-24,0.003344,0.0033494,0.0033405,0.0033465
2019-09-25,0.0033279,0.0033279,0.0033185,0.003322
2019-09-26,0.0033364,0.0033389,0.0033317,0.0033383
2019-09-27,0.0033474,0.0033478,0.0033399,0.0033437
2019-09-30,0.0033299,0.0033448,0.0033285,0.0033447
2019-10-01,0.0033469,0.0033527,0.0033425,0.0033481
2019-10-02,0.0033293,0.003331,0.0033213,0.0033221
2019-10-04,0.0032879,0.003309,0.0032851,0.0033068
2019-10-07,0.0032977,0.0032989,0.0032832,0.0032868
2019-10-08,0.0032965,0.0033033,0.0032948,0.0033012
2019-10-10,0.0032866,0.0032993,0.0032781,0.0032936
2019-10-11,0.0032903,0.0032951,0.0032832,0.0032936
2019-10-14,0.0032967,0.0033063,0.0032915,0.0032959
2019-10-15,0.0032912,0.0032937,0.0032859,0.003289
2019-10-16,0.0032849,0.0032853,0.0032739,0.0032741
2019-10-17,0.0032628,0.0032673,0.0032586,0.0032638
2019-10-18,0.0032688,0.0032688,0.0032584,0.0032588
2019-10-21,0.0032567,0.0032724,0.0032535,0.0032706
2019-10-22,0.0032731,0.0032784,0.0032682,0.0032783
2019-10-23,0.003275,0.0032757,0.0032661,0.0032727
2019-10-24,0.0032812,0.0032844,0.003273,0.0032742
2019-10-25,0.003282,0.0032866,0.0032777,0.0032825
2019-10-28,0.0032929,0.003307,0.0032929,0.0032991
2019-10-29,0.0032975,0.0033079,0.0032925,0.0033054
2019-10-30,0.0032895,0.0032909,0.0032833,0.0032888
2019-10-31,0.003278,0.003288,0.0032776,0.0032818
2019-11-01,0.0032681,0.0032751,0.0032657,0.0032727
2019-11-04,0.0032697,0.0032846,0.0032696,0.0032811
2019-11-05,0.0032994,0.0033105,0.0032994,0.00331
2019-11-06,0.0033317,0.0033331,0.0033245,0.0033311
2019-11-07,0.003319,0.0033257,0.0033155,0.0033251
2019-11-08,0.0033375,0.0033401,0.0033308,0.0033321
2019-11-11,0.0033409,0.0033416,0.0033309,0.0033317
2019-11-12,0.003326,0.0033332,0.0033248,0.0033316
2019-11-13,0.0033352,0.0033361,0.0033281,0.0033319
2019-11-14,0.0033294,0.0033363,0.0033282,0.0033349
2019-11-15,0.0033268,0.0033356,0.0033238,0.0033314
2019-11-18,0.0033239,0.0033302,0.0033152,0.003327
2019-11-19,0.0033224,0.0033231,0.003314,0.0033171
2019-11-20,0.0033126,0.0033157,0.003307,0.0033125
2019-11-21,0.0033124,0.0033124,0.0032895,0.003291
2019-11-22,0.0033025,0.0033026,0.0032962,0.0032962
2019-11-25,0.0033032,0.0033188,0.0033029,0.0033152
2019-11-26,0.0033267,0.0033334,0.0033157,0.0033185
2019-11-27,0.0033309,0.0033311,0.0033204,0.0033226
2019-11-28,0.0033284,0.00333,0.0033174,0.0033203
2019-11-29,0.0033298,0.003331,0.0033199,0.0033213
2019-12-02,0.0033117,0.0033228,0.0033081,0.0033087
2019-12-03,0.0032675,0.0032691,0.0032602,0.0032626
2019-12-04,0.0032503,0.0032503,0.0032337,0.0032338
2019-12-05,0.0032431,0.0032505,0.0032366,0.003242
2019-12-06,0.0032411,0.0032451,0.0032298,0.0032312
2019-12-09,0.0032616,0.0032627,0.0032486,0.0032487
2019-12-10,0.0032582,0.0032583,0.0032465,0.003247
2019-12-11,0.0032498,0.003251,0.0032391,0.0032413
2019-12-12,0.0032357,0.0032421,0.0032278,0.0032408
2019-12-13,0.0032749,0.0032831,0.0032648,0.0032744
2019-12-16,0.0032692,0.0032816,0.0032674,0.003278
2019-12-17,0.0032716,0.0032834,0.003268,0.0032812
2019-12-18,0.0032862,0.0032869,0.0032811,0.0032833
2019-12-19,0.0032924,0.0032961,0.0032856,0.0032915
2019-12-20,0.0032978,0.003304,0.0032897,0.0033015
2019-12-23,0.0033143,0.0033147,0.0033051,0.0033051
2019-12-24,0.0033136,0.0033154,0.0033069,0.0033133
2019-12-26,0.0033077,0.0033107,0.0033046,0.0033107
2019-12-27,0.0033019,0.0033078,0.0032999,0.003301
2019-12-30,0.0032842,0.0032941,0.0032828,0.0032881
2020-01-02,0.0032846,0.0032879,0.0032765,0.0032809
2020-01-03,0.0032788,0.0032797,0.0032608,0.0032657
2020-01-06,0.0032609,0.003261,0.0032461,0.0032461
2020-01-07,0.0032384,0.0032494,0.0032381,0.0032494
2020-01-08,0.0032628,0.0032628,0.003228,0.0032499
2020-01-09,0.0032794,0.0032885,0.0032759,0.0032859
2020-01-10,0.0032988,0.0032995,0.0032859,0.0032948
2020-01-13,0.003289,0.0033022,0.003289,0.0032954
2020-01-14,0.0032921,0.0033025,0.0032876,0.0032877
2020-01-15,0.003278,0.0032789,0.0032666,0.0032768
2020-01-16,0.0032742,0.0032773,0.0032677,0.0032714
2020-01-17,0.0032771,0.0032918,0.0032769,0.0032811
2020-01-20,0.0032907,0.0033048,0.0032898,0.0033017
2020-01-21,0.003302,0.0033036,0.0032771,0.0032772
2020-01-22,0.0032639,0.0032819,0.0032639,0.0032805
2020-01-23,0.0032793,0.0032795,0.0032697,0.0032729
2020-01-28,0.0032982,0.0033029,0.0032961,0.0032991
2020-01-29,0.0032976,0.0033009,0.0032923,0.0032952
2020-01-30,0.0032983,0.0033003,0.0032819,0.0032843
2020-01-31,0.003277,0.0032863,0.0032734,0.0032734
2020-02-03,0.0032415,0.0032471,0.0032356,0.0032419
2020-02-04,0.0032648,0.003277,0.003256,0.0032722
2020-02-05,0.0032732,0.0032733,0.0032505,0.0032519
2020-02-06,0.0032594,0.0032764,0.0032588,0.0032714
2020-02-07,0.0032704,0.0032718,0.0032623,0.0032654
2020-02-10,0.0032733,0.0032844,0.0032672,0.0032801
2020-02-11,0.003291,0.0033066,0.003291,0.0033066
2020-02-12,0.0032991,0.0033153,0.0032948,0.003314
2020-02-13,0.003316,0.0033185,0.0033057,0.0033097
2020-02-14,0.0033068,0.0033165,0.0033066,0.0033117
2020-02-17,0.003312,0.0033232,0.003312,0.003315
2020-02-18,0.0033182,0.0033189,0.0033074,0.0033097
2020-02-19,0.00332,0.0033276,0.0033154,0.0033254
2020-02-20,0.0033136,0.0033144,0.0032893,0.0032985
2020-02-21,0.0032913,0.0032944,0.0032821,0.0032842
2020-02-24,0.0032825,0.0032835,0.0032567,0.0032583
2020-02-25,0.0032574,0.0032778,0.0032563,0.0032745
2020-02-26,0.0032556,0.0032623,0.0032463,0.0032529
2020-02-27,0.0032701,0.0032701,0.0032479,0.0032523
2020-02-28,0.0032436,0.0032436,0.0032324,0.003242
2020-03-02,0.0032671,0.0032747,0.0032462,0.0032745
2020-03-03,0.0032577,0.0032618,0.0032478,0.0032486
2020-03-04,0.0032552,0.003259,0.0032455,0.0032499
2020-03-05,0.0032557,0.0032692,0.0032483,0.0032692
2020-03-06,0.0032295,0.0032302,0.0032131,0.0032165
2020-03-09,0.0031899,0.0031937,0.0031281,0.0031481
2020-03-10,0.0031623,0.0031905,0.0031567,0.0031767
2020-03-11,0.0032119,0.0032166,0.0031696,0.0031704
2020-03-12,0.003225,0.0032251,0.0031776,0.0031822
2020-03-13,0.0032363,0.0032414,0.0031929,0.0032118
2020-03-16,0.0032345,0.0032471,0.0032206,0.0032236
2020-03-17,0.0032281,0.0032286,0.0032001,0.0032043
2020-03-18,0.0032737,0.003289,0.0032606,0.0032654
2020-03-19,0.0032726,0.0032828,0.0032066,0.0032228
2020-03-20,0.0034075,0.0034139,0.0033843,0.0033985
2020-03-23,0.0033755,0.0033843,0.0033036,0.0033292
2020-03-24,0.0033764,0.0034181,0.003375,0.0033993
2020-03-25,0.0034578,0.0034695,0.0034506,0.0034589
2020-03-26,0.0034121,0.003422,0.003407,0.0034081
2020-03-27,0.0033745,0.0033982,0.0033687,0.0033886
2020-03-30,0.0033612,0.0033645,0.003339,0.0033402
2020-03-31,0.0033651,0.003394,0.0033636,0.0033923
2020-04-01,0.0033974,0.0034,0.0033785,0.0033796
2020-04-02,0.0033985,0.0034114,0.0033847,0.0034021
2020-04-03,0.0034293,0.0034377,0.0034221,0.0034286
2020-04-06,0.0034334,0.0034435,0.0034264,0.0034366
2020-04-07,0.0034513,0.003463,0.0034345,0.0034379
2020-04-08,0.0034191,0.0034243,0.0034058,0.0034211
2020-04-09,0.003432,0.0034398,0.0034147,0.0034169
2020-04-13,0.0034362,0.003437,0.0034101,0.0034186
2020-04-14,0.0034248,0.0034248,0.0034115,0.0034185
2020-04-16,0.0034021,0.0034027,0.0033904,0.0033939
2020-04-17,0.0033983,0.0034261,0.0033976,0.003426
2020-04-20,0.0034209,0.0034299,0.0034134,0.0034242
2020-04-21,0.0034115,0.0034122,0.0033691,0.0033916
2020-04-22,0.0033901,0.0033902,0.0033777,0.0033865
2020-04-23,0.0034159,0.0034226,0.0034057,0.0034152
2020-04-24,0.0034178,0.0034178,0.00341,0.0034125
2020-04-27,0.0034072,0.0034091,0.0033972,0.003399
2020-04-28,0.0034307,0.0034307,0.0034167,0.0034249
2020-04-29,0.0034375,0.0034453,0.003437,0.0034381
2020-05-04,0.003404,0.0034077,0.003393,0.0034038
2020-05-06,0.0034247,0.0034274,0.0034161,0.0034222
2020-05-07,0.0034264,0.0034396,0.0034264,0.0034374
2020-05-08,0.0034453,0.0034556,0.0034431,0.0034441
2020-05-11,0.0034417,0.0034514,0.0034401,0.0034427
2020-05-12,0.0034443,0.0034472,0.0034377,0.0034416
2020-05-13,0.0034301,0.0034348,0.0034251,0.0034336
2020-05-14,0.0034371,0.0034439,0.0034343,0.0034404
2020-05-15,0.0034376,0.0034391,0.0034295,0.0034306
2020-05-18,0.003422,0.0034304,0.0034215,0.0034215
2020-05-19,0.0034105,0.0034206,0.0034092,0.0034107
2020-05-20,0.003397,0.003398,0.0033764,0.0033771
2020-05-21,0.0033656,0.0033658,0.0033556,0.0033631
2020-05-22,0.0033412,0.0033442,0.003335,0.0033429
2020-05-25,0.0033361,0.003344,0.0033322,0.0033331
2020-05-26,0.0033273,0.0033357,0.0033252,0.003332
2020-05-27,0.0032851,0.0032856,0.0032774,0.0032805
2020-05-28,0.0032478,0.0032518,0.0032361,0.0032393
2020-05-29,0.0032489,0.0032503,0.0032411,0.0032451
2020-06-01,0.0032443,0.0032532,0.0032422,0.0032442
2020-06-02,0.003236,0.0032366,0.0032261,0.0032273
2020-06-03,0.0032125,0.0032208,0.0032062,0.0032094
2020-06-04,0.0032278,0.0032335,0.0032267,0.003232
2020-06-05,0.0032146,0.0032278,0.0032072,0.0032218
2020-06-08,0.0032638,0.0032663,0.0032541,0.0032594
2020-06-09,0.003273,0.0032781,0.0032632,0.0032765
2020-06-10,0.0032712,0.0032874,0.0032664,0.0032858
2020-06-11,0.0032936,0.0032973,0.0032839,0.003291
2020-06-12,0.0032869,0.0032879,0.0032766,0.0032804
2020-06-15,0.0032836,0.003285,0.0032608,0.0032643
2020-06-16,0.003226,0.0032351,0.0032216,0.003223
2020-06-17,0.0032574,0.0032741,0.0032522,0.0032558
2020-06-18,0.0032669,0.0032815,0.0032603,0.0032787
2020-06-19,0.0032769,0.0032793,0.0032715,0.0032749
2020-06-22,0.0032989,0.0032998,0.0032838,0.0032874
2020-06-23,0.0032542,0.0032671,0.0032465,0.003259
2020-06-24,0.0032535,0.0032728,0.0032513,0.0032698
2020-06-25,0.0032845,0.0032953,0.0032807,0.0032926
2020-06-26,0.0033023,0.0033156,0.0033016,0.0033116
2020-06-29,0.0033083,0.0033149,0.0033048,0.003312
2020-06-30,0.0033024,0.003313,0.0032995,0.0033004
2020-07-01,0.0033001,0.0033021,0.0032859,0.0032882
2020-07-02,0.0033091,0.0033138,0.0033058,0.00331
2020-07-03,0.0033113,0.0033122,0.0033003,0.0033068
2020-07-06,0.0033077,0.0033123,0.0033029,0.0033042
2020-07-07,0.0033116,0.0033139,0.0033045,0.0033052
2020-07-08,0.0033166,0.0033246,0.0033116,0.0033228
2020-07-09,0.0033098,0.0033113,0.0032928,0.0032937
2020-07-10,0.0033103,0.0033105,0.0032946,0.0032983
2020-07-13,0.0032893,0.0032898,0.0032822,0.0032829
2020-07-14,0.0032888,0.0032888,0.0032786,0.0032852
2020-07-15,0.0032552,0.0032692,0.003253,0.0032669
2020-07-16,0.0032678,0.0032766,0.0032628,0.0032641
2020-07-17,0.0032665,0.0032698,0.0032616,0.003266
2020-07-20,0.0032527,0.0032612,0.0032495,0.0032518
2020-07-21,0.003238,0.0032533,0.0032379,0.0032473
2020-07-22,0.0032206,0.0032301,0.0032141,0.0032143
2020-07-23,0.0031918,0.0031918,0.0031818,0.0031822
2020-07-24,0.003164,0.0031658,0.0031583,0.0031619
2020-07-27,0.003146,0.0031502,0.0031404,0.0031449
2020-07-28,0.0031221,0.0031363,0.0031204,0.0031239
2020-07-29,0.0031422,0.0031552,0.0031418,0.0031493
2020-07-30,0.0031409,0.0031503,0.0031348,0.0031415
2020-07-31,0.0031238,0.0031282,0.0031164,0.0031194
2020-08-03,0.003144,0.0031541,0.0031356,0.0031442
2020-08-04,0.0031458,0.0031494,0.0031372,0.0031394
2020-08-05,0.0031204,0.0031312,0.0031197,0.0031308
2020-08-06,0.0031241,0.0031313,0.0031231,0.0031236
2020-08-07,0.0031422,0.0031511,0.0031369,0.0031482
2020-08-10,0.0031501,0.0031581,0.0031497,0.0031572
2020-08-11,0.0031603,0.0031639,0.0031579,0.0031599
2020-08-12,0.0031654,0.003172,0.0031636,0.003171
2020-08-13,0.0031535,0.0031565,0.003145,0.003145
2020-08-14,0.0031417,0.0031437,0.0031381,0.0031433
2020-08-18,0.003127,0.0031275,0.0031194,0.0031209
2020-08-19,0.0030973,0.0031066,0.0030964,0.0031047
2020-08-20,0.0031438,0.0031451,0.003124,0.0031326
2020-08-21,0.0031163,0.0031204,0.0031073,0.0031089
2020-08-24,0.0031369,0.0031471,0.0031368,0.0031421
2020-08-25,0.0031345,0.0031406,0.003132,0.0031325
2020-08-26,0.0031273,0.0031422,0.0031264,0.0031406
2020-08-27,0.003148,0.0031513,0.0031442,0.0031492
2020-08-28,0.0031434,0.0031495,0.0031322,0.0031357
2020-08-31,0.0031166,0.0031219,0.0031096,0.0031108
2020-09-01,0.0031003,0.0031054,0.003092,0.0030955
2020-09-02,0.0031062,0.0031105,0.0031036,0.0031066
2020-09-03,0.003131,0.0031528,0.0031309,0.0031508
2020-09-04,0.0031432,0.0031491,0.0031413,0.0031459
2020-09-07,0.0031726,0.0031773,0.0031675,0.0031753
2020-09-08,0.0031602,0.003167,0.0031592,0.0031659
2020-09-09,0.0031784,0.0031813,0.0031757,0.003179
2020-09-10,0.0031745,0.0031753,0.0031691,0.0031702
2020-09-11,0.003168,0.0031691,0.0031625,0.0031668
2020-09-14,0.0031618,0.0031714,0.0031614,0.0031682
2020-09-15,0.0031701,0.0031769,0.0031654,0.0031666
2020-09-16,0.0031878,0.0031978,0.0031866,0.0031942
2020-09-17,0.0032143,0.0032268,0.0032104,0.0032244
2020-09-18,0.0032132,0.0032419,0.0032127,0.0032363
2020-09-21,0.0032283,0.0032452,0.0032213,0.0032427
2020-09-22,0.0032795,0.003288,0.0032794,0.0032856
2020-09-23,0.0032912,0.0033,0.0032902,0.0032937
2020-09-24,0.0033033,0.0033128,0.0033023,0.0033109
2020-09-25,0.0033367,0.0033396,0.0033264,0.00333
2020-09-28,0.0033331,0.0033394,0.0033278,0.0033371
2020-09-29,0.0033637,0.0033685,0.0033546,0.0033668
2020-10-05,0.0032883,0.0033042,0.0032882,0.0032981
2020-10-06,0.0032942,0.0032942,0.0032793,0.003283
2020-10-07,0.0032846,0.0032989,0.0032811,0.0032926
2020-10-08,0.0032908,0.0033011,0.0032859,0.0032993
2020-10-12,0.0033067,0.00331,0.0032912,0.0032938
2020-10-13,0.0032857,0.0032962,0.0032812,0.0032953
2020-10-14,0.0033316,0.0033488,0.0033304,0.0033426
2020-10-15,0.0033489,0.0033688,0.0033488,0.0033669
2020-10-16,0.0033909,0.0034083,0.0033909,0.0033996
2020-10-19,0.0033962,0.0034009,0.0033928,0.0033954
2020-10-20,0.0034047,0.0034135,0.0034019,0.0034097
2020-10-21,0.0033857,0.0034032,0.0033857,0.0034017
2020-10-22,0.003402,0.0034116,0.0033967,0.0034058
2020-10-23,0.0034093,0.0034248,0.0034093,0.0034234
2020-10-26,0.0034151,0.0034175,0.0034095,0.0034161
2020-10-27,0.0034236,0.0034394,0.0034236,0.0034366
2020-10-28,0.0034471,0.0034545,0.0034443,0.0034463
2020-10-29,0.003474,0.0034814,0.0034658,0.0034805
2020-10-30,0.0035045,0.0035104,0.0034953,0.0034986
2020-11-02,0.0034865,0.0034961,0.0034853,0.0034943
2020-11-03,0.0034891,0.0034912,0.0034695,0.0034753
2020-11-04,0.0034139,0.0034513,0.0034133,0.0034385
2020-11-05,0.003422,0.0034297,0.0034105,0.0034207
2020-11-06,0.0034109,0.0034152,0.0033979,0.0034126
2020-11-09,0.0033822,0.0034005,0.0033757,0.0033999
2020-11-10,0.0033866,0.0034034,0.0033866,0.0034018
2020-11-11,0.0034072,0.0034311,0.0034071,0.003431
2020-11-12,0.0034214,0.0034254,0.0034143,0.0034164
2020-11-13,0.0034107,0.0034169,0.0034055,0.0034098
2020-11-16,0.0034158,0.0034277,0.0034068,0.0034125
2020-11-17,0.0034037,0.0034218,0.0034026,0.0034214
2020-11-18,0.0034216,0.0034251,0.0034176,0.0034243
2020-11-19,0.003407,0.0034077,0.0033748,0.0033749
2020-11-20,0.0033782,0.0033838,0.0033748,0.0033772
2020-11-23,0.0033763,0.0033861,0.0033752,0.003386
2020-11-24,0.0033879,0.0034008,0.0033879,0.0033951
2020-11-25,0.0033775,0.0033907,0.0033775,0.0033845
2020-11-26,0.003386,0.0033894,0.0033825,0.0033882
2020-11-27,0.0033965,0.0034031,0.003396,0.0033997
2020-11-30,0.0033938,0.003397,0.0033843,0.003385
2020-12-01,0.0033803,0.0033903,0.0033801,0.0033849
2020-12-02,0.0033316,0.0033463,0.0033313,0.0033458
2020-12-03,0.0033587,0.003367,0.003358,0.0033663
2020-12-04,0.0033682,0.0033999,0.0033667,0.003395
2020-12-07,0.0034007,0.0034067,0.0033956,0.003401
2020-12-08,0.0034092,0.0034102,0.0034011,0.0034019
2020-12-09,0.0033845,0.0033907,0.0033834,0.003385
2020-12-10,0.0033724,0.0033777,0.0033668,0.0033705
2020-12-11,0.0033535,0.003357,0.0033328,0.0033375
2020-12-14,0.0033545,0.0033787,0.0033543,0.0033565
2020-12-15,0.0033402,0.0033427,0.0033287,0.0033411
2020-12-16,0.0033537,0.0033567,0.0033338,0.0033349
2020-12-17,0.0033279,0.0033297,0.0033219,0.003323
2020-12-18,0.0033104,0.0033114,0.0032934,0.0032975
2020-12-21,0.0033364,0.003344,0.0033322,0.0033345
2020-12-22,0.0033306,0.0033307,0.0033171,0.0033191
2020-12-23,0.0033344,0.0033425,0.0033321,0.0033366
2020-12-24,0.0033424,0.0033491,0.0033368,0.0033484
2020-12-28,0.0033552,0.0033721,0.0033532,0.0033616
2020-12-29,0.0033564,0.0033638,0.0033506,0.0033621
2020-12-30,0.0033923,0.0034024,0.0033882,0.0033971
2021-01-04,0.0034296,0.0034437,0.0034247,0.0034366
2021-01-05,0.0034242,0.0034294,0.0034098,0.0034119
2021-01-06,0.0033907,0.0033972,0.0033828,0.00339
2021-01-07,0.0033751,0.0033799,0.0033673,0.0033765
2021-01-08,0.0033664,0.0033729,0.0033587,0.0033721
2021-01-11,0.0033863,0.0033864,0.0033694,0.0033714
2021-01-12,0.0033923,0.0033942,0.0033813,0.0033859
2021-01-13,0.0033848,0.0033852,0.0033778,0.0033807
2021-01-14,0.0034005,0.0034008,0.003389,0.0033997
2021-01-15,0.0034092,0.0034114,0.0034017,0.0034089
2021-01-18,0.0034056,0.0034067,0.0033992,0.0034015
2021-01-19,0.0034001,0.0034027,0.0033913,0.0033923
2021-01-20,0.0033916,0.0034047,0.0033916,0.0033973
2021-01-21,0.0034128,0.0034132,0.0033947,0.0033995
2021-01-22,0.0033873,0.0033875,0.0033726,0.0033735
2021-01-25,0.0033743,0.0033847,0.0033735,0.0033822
2021-01-26,0.0033911,0.0033967,0.0033882,0.0033882
2021-01-27,0.0033908,0.003391,0.0033801,0.003384
2021-01-28,0.0033901,0.0033904,0.0033643,0.0033666
2021-01-29,0.0033667,0.0033671,0.0033471,0.0033503
2021-02-01,0.0033336,0.0033381,0.0033286,0.0033376
2021-02-02,0.0033459,0.0033479,0.0033406,0.0033448
2021-02-03,0.0033413,0.0033448,0.0033351,0.0033386
2021-02-04,0.0033474,0.0033479,0.0033337,0.0033409
2021-02-05,0.0033574,0.0033588,0.0033385,0.0033424
2021-02-08,0.0033321,0.0033351,0.0033251,0.0033303
2021-02-09,0.0033249,0.0033279,0.00332,0.0033213
2021-02-10,0.0033244,0.0033335,0.0033179,0.0033307
2021-02-11,0.0033496,0.0033563,0.0033494,0.0033549
2021-02-15,0.0033609,0.0033631,0.003356,0.0033598
2021-02-16,0.0033532,0.0033658,0.0033518,0.0033559
2021-02-17,0.0033597,0.0033653,0.0033508,0.0033616
2021-02-18,0.003372,0.0033799,0.0033666,0.003367
2021-02-19,0.0033539,0.0033586,0.0033449,0.0033538
2021-02-22,0.0033455,0.0033486,0.0033334,0.0033336
2021-02-23,0.0033222,0.0033312,0.0033212,0.0033275
2021-02-24,0.0033413,0.0033479,0.0033348,0.0033355
2021-02-25,0.0033452,0.0033479,0.0033341,0.0033343
2021-02-26,0.0033204,0.0033248,0.0033101,0.0033135
2021-03-01,0.0033247,0.003334,0.0033198,0.0033304
2021-03-02,0.0033593,0.0033644,0.0033526,0.0033549
2021-03-03,0.0033371,0.0033503,0.0033369,0.0033495
2021-03-04,0.0033378,0.0033544,0.0033358,0.0033515
2021-03-05,0.0033615,0.0033946,0.0033612,0.0033929
2021-03-08,0.0034105,0.0034112,0.0033971,0.0033997
2021-03-09,0.0033996,0.0034081,0.0033956,0.0033991
2021-03-10,0.0033817,0.003385,0.0033645,0.0033654
2021-03-11,0.0033755,0.0033804,0.0033671,0.0033788
2021-03-12,0.0033855,0.0033963,0.0033801,0.0033896
2021-03-15,0.003372,0.0033773,0.0033689,0.0033749
2021-03-16,0.003399,0.0034035,0.0033909,0.0034022
2021-03-17,0.0034146,0.0034161,0.003408,0.0034136
2021-03-18,0.0034203,0.0034239,0.0034149,0.0034171
2021-03-19,0.0034402,0.0034425,0.0034239,0.0034299
2021-03-22,0.0034457,0.0034461,0.0034323,0.0034384
2021-03-23,0.0034189,0.0034195,0.0034113,0.0034169
2021-03-24,0.0034429,0.0034479,0.0034357,0.0034406
2021-03-25,0.0034499,0.003457,0.0034482,0.0034549
2021-03-26,0.003467,0.0034838,0.0034665,0.0034807
2021-03-29,0.0034831,0.0034831,0.003474,0.0034774
2021-03-30,0.0035006,0.0035022,0.0034963,0.0034966
2021-03-31,0.0035052,0.0035192,0.0035035,0.0035158
2021-04-01,0.003499,0.0035058,0.0034888,0.0034918
2021-04-05,0.0034636,0.003478,0.0034633,0.0034759
2021-04-06,0.0034552,0.0034673,0.0034541,0.0034658
2021-04-07,0.003456,0.0034689,0.0034558,0.0034622
2021-04-08,0.0034435,0.00345,0.0034371,0.0034484
2021-04-09,0.0034159,0.0034249,0.0034102,0.0034115
2021-04-12,0.0033962,0.0033967,0.0033815,0.0033863
2021-04-13,0.0033813,0.0033878,0.0033798,0.003385
2021-04-14,0.0034045,0.0034151,0.0034001,0.0034113
2021-04-15,0.0034043,0.0034069,0.0033989,0.0034016
2021-04-16,0.0034074,0.0034139,0.0033956,0.0034133
2021-04-19,0.0033986,0.0034107,0.0033922,0.0033983
2021-04-20,0.0033885,0.0033997,0.0033848,0.0033985
2021-04-21,0.0033871,0.0033888,0.0033807,0.0033854
2021-04-22,0.0033912,0.0033953,0.0033876,0.003389
2021-04-23,0.0033931,0.003396,0.00339,0.0033938
2021-04-26,0.0033771,0.0033818,0.0033706,0.0033793
2021-04-27,0.0034002,0.0034037,0.0033936,0.0034023
2021-04-28,0.0033965,0.0034063,0.0033951,0.0034052
2021-04-29,0.003394,0.0034135,0.0033936,0.0034098
2021-04-30,0.0034008,0.0034027,0.003387,0.0033879
2021-05-03,0.0033922,0.0033946,0.0033818,0.003382
2021-05-04,0.0033615,0.0033713,0.0033583,0.0033709
2021-05-05,0.0033661,0.0033732,0.0033646,0.0033665
2021-05-06,0.0033868,0.0033938,0.003383,0.0033871
2021-05-07,0.0033811,0.0033812,0.0033744,0.0033795
2021-05-10,0.0033628,0.003364,0.0033545,0.0033624
2021-05-11,0.0033633,0.0033662,0.0033527,0.0033562
2021-05-12,0.0033394,0.0033395,0.0033272,0.0033307
2021-05-13,0.003329,0.0033386,0.0033286,0.0033316
2021-05-14,0.0033264,0.0033279,0.0033118,0.0033183
2021-05-17,0.0033097,0.0033116,0.003289,0.0032901
2021-05-18,0.0032774,0.003294,0.0032742,0.0032907
2021-05-19,0.0032792,0.0032855,0.0032754,0.0032821
2021-05-20,0.0032859,0.0032866,0.0032768,0.0032768
2021-05-21,0.0032604,0.0032663,0.003257,0.0032636
2021-05-24,0.0032722,0.0032736,0.0032672,0.0032696
2021-05-25,0.0032674,0.0032686,0.0032621,0.003266
2021-05-26,0.0032614,0.0032761,0.0032586,0.0032759
2021-05-27,0.0033065,0.0033067,0.0032991,0.0033052
2021-05-28,0.0032937,0.0033078,0.0032936,0.0033062
2021-05-31,0.0033027,0.0033087,0.0032943,0.003308
2021-06-01,0.0033049,0.0033148,0.003302,0.0033098
2021-06-02,0.0032947,0.0032958,0.0032802,0.0032817
2021-06-03,0.0032865,0.0032908,0.0032795,0.0032824
2021-06-04,0.0032947,0.0032998,0.0032876,0.0032976
2021-06-07,0.0032817,0.0033013,0.003279,0.0032962
2021-06-08,0.0032924,0.0032986,0.0032886,0.0032911
2021-06-09,0.0032907,0.0032907,0.0032783,0.0032852
2021-06-10,0.0032915,0.0033024,0.0032905,0.0032999
2021-06-11,0.0032907,0.0033072,0.0032894,0.003304
2021-06-14,0.0033269,0.0033325,0.0033256,0.0033275
2021-06-15,0.0033367,0.0033436,0.0033337,0.003341
2021-06-16,0.0033376,0.0033449,0.0033346,0.0033449
2021-06-17,0.003331,0.0033446,0.0033302,0.003337
2021-06-18,0.0033722,0.0033826,0.0033719,0.0033817
2021-06-21,0.0033786,0.0033839,0.0033722,0.0033751
2021-06-22,0.0033599,0.003367,0.0033542,0.0033647
2021-06-23,0.0033381,0.0033421,0.0033284,0.003332
2021-06-24,0.0033488,0.0033492,0.0033365,0.0033489
2021-06-25,0.0033481,0.0033592,0.0033463,0.0033588
2021-06-28,0.0033533,0.0033547,0.0033444,0.003347
2021-06-29,0.0033399,0.0033458,0.0033388,0.0033435
2021-06-30,0.0033565,0.0033718,0.0033538,0.0033718
2021-07-01,0.0033753,0.0033799,0.0033676,0.0033723
2021-07-02,0.0033592,0.0033637,0.0033582,0.0033616
2021-07-05,0.0033669,0.0033721,0.0033613,0.003365
2021-07-06,0.0033562,0.0033567,0.0033459,0.0033473
2021-07-07,0.0033601,0.0033627,0.0033461,0.0033502
2021-07-08,0.0033618,0.0033731,0.0033553,0.0033562
2021-07-09,0.0033407,0.0033442,0.0033349,0.0033382
2021-07-12,0.003343,0.003345,0.0033379,0.0033424
2021-07-13,0.0033581,0.0033588,0.0033453,0.0033534
2021-07-14,0.003382,0.0033824,0.0033742,0.0033742
2021-07-15,0.0033717,0.003393,0.0033683,0.0033884
2021-07-16,0.0033975,0.0034046,0.0033912,0.0034029
2021-07-19,0.0033978,0.0033979,0.0033829,0.0033846
2021-07-20,0.003387,0.003389,0.0033813,0.0033886
2021-07-21,0.0033955,0.0033991,0.0033884,0.0033898
2021-07-22,0.0033761,0.0033762,0.0033657,0.003372
2021-07-23,0.0033688,0.0033768,0.0033684,0.0033737
2021-07-26,0.0033759,0.0033764,0.0033661,0.0033677
2021-07-27,0.003376,0.003387,0.0033759,0.0033855
2021-07-28,0.0033684,0.003372,0.0033612,0.0033661
2021-07-29,0.0033731,0.0033865,0.00337,0.0033845
2021-07-30,0.0033624,0.0033628,0.0033451,0.0033451
2021-08-02,0.003342,0.0033466,0.0033356,0.0033453
2021-08-03,0.0033373,0.0033423,0.0033301,0.0033384
2021-08-04,0.0033408,0.0033554,0.0033407,0.0033539
2021-08-05,0.0033538,0.0033671,0.0033513,0.003363
2021-08-06,0.0033628,0.0033717,0.0033619,0.0033715
2021-08-09,0.0033989,0.0034039,0.0033949,0.0034022
2021-08-10,0.0033906,0.0033919,0.003379,0.0033851
2021-08-11,0.0033864,0.003388,0.0033785,0.0033813
2021-08-12,0.0033802,0.0033809,0.0033568,0.003359
2021-08-13,0.003351,0.0033524,0.0033324,0.0033339
2021-08-17,0.0033094,0.0033107,0.0032858,0.003295
2021-08-18,0.0033087,0.0033341,0.003304,0.0033326
2021-08-19,0.003326,0.0033363,0.0033225,0.0033274
2021-08-20,0.003336,0.0033465,0.0033196,0.0033223
2021-08-23,0.0033297,0.0033346,0.0033268,0.0033288
2021-08-24,0.0033383,0.0033468,0.0033331,0.0033447
2021-08-25,0.0033424,0.0033454,0.0033363,0.0033363
2021-08-26,0.0033386,0.0033394,0.0033188,0.0033231
2021-08-27,0.0033236,0.0033308,0.0033171,0.0033261
2021-08-30,0.0033362,0.0033375,0.0033267,0.003327
2021-08-31,0.003313,0.0033235,0.0033111,0.0033205
2021-09-01,0.0033039,0.003317,0.0033039,0.0033153
2021-09-02,0.0032938,0.0032972,0.0032805,0.0032833
2021-09-03,0.0032817,0.0032905,0.0032809,0.0032877
2021-09-06,0.0032826,0.0032842,0.0032737,0.0032838
2021-09-07,0.0032939,0.0032943,0.0032853,0.003291
2021-09-08,0.0032786,0.0032788,0.0032687,0.0032691
2021-09-09,0.0032749,0.0032749,0.0032634,0.0032657
2021-09-10,0.0032841,0.0032926,0.0032757,0.0032899
2021-09-13,0.0032878,0.0032881,0.0032746,0.0032782
2021-09-14,0.003286,0.0032899,0.0032805,0.0032883
2021-09-15,0.0032914,0.0032983,0.0032838,0.0032967
2021-09-16,0.0033081,0.0033095,0.0032989,0.0032995
2021-09-17,0.0033067,0.0033083,0.0032931,0.0033027
2021-09-20,0.0033112,0.0033124,0.0032879,0.0032988
2021-09-21,0.0033088,0.0033182,0.0033051,0.0033101
2021-09-22,0.0033301,0.0033349,0.0033256,0.0033265
2021-09-23,0.0033441,0.003349,0.0033318,0.003348
2021-09-24,0.0033417,0.003348,0.0033346,0.0033424
2021-09-27,0.0033313,0.0033465,0.0033312,0.0033403
2021-09-28,0.0033371,0.0033376,0.0033192,0.003325
2021-09-29,0.0033397,0.0033535,0.0033395,0.0033521
2021-09-30,0.0033592,0.0033699,0.003359,0.0033656
2021-10-01,0.0033587,0.0033608,0.0033491,0.0033548
2021-10-05,0.0033376,0.0033403,0.0033289,0.0033321
2021-10-06,0.0033463,0.0033463,0.0033345,0.0033372
2021-10-07,0.0033051,0.0033126,0.0033041,0.0033105
2021-10-08,0.0033304,0.0033321,0.0033221,0.0033296
2021-10-11,0.0033258,0.0033329,0.0033201,0.0033202
2021-10-12,0.0033211,0.0033216,0.0033045,0.0033062
2021-10-13,0.0033191,0.0033272,0.0033161,0.0033195
2021-10-14,0.0033229,0.0033261,0.0033133,0.0033252
2021-10-15,0.0033385,0.0033394,0.0033285,0.0033325
2021-10-18,0.0033274,0.0033321,0.0033195,0.0033244
2021-10-19,0.0033297,0.0033371,0.0033291,0.0033359
2021-10-20,0.0033527,0.0033573,0.0033408,0.0033554
2021-10-21,0.0033448,0.0033501,0.0033366,0.0033377
2021-10-22,0.0033654,0.0033665,0.003358,0.0033631
2021-10-25,0.0033546,0.0033795,0.00335,0.0033771
2021-10-26,0.0034018,0.0034165,0.0033983,0.0034117
2021-10-27,0.0034016,0.0034078,0.0033932,0.0033962
2021-10-28,0.0033994,0.0034042,0.003394,0.0034009
2021-10-29,0.0033866,0.0033951,0.0033809,0.0033948
2021-11-01,0.0033967,0.0033997,0.0033871,0.0033917
2021-11-02,0.0033797,0.0033899,0.0033789,0.0033894
2021-11-03,0.0033742,0.0033748,0.0033627,0.0033632
2021-11-04,0.0033443,0.0033517,0.0033432,0.0033464
2021-11-05,0.0033587,0.0033632,0.0033559,0.0033612
2021-11-08,0.0033658,0.003366,0.0033536,0.0033574
2021-11-09,0.0032997,0.0033675,0.0032995,0.0033583
2021-11-10,0.0033606,0.0033617,0.0033507,0.0033563
2021-11-11,0.003386,0.0033989,0.003383,0.0033972
2021-11-12,0.0034127,0.0034425,0.0034127,0.0034386
2021-11-15,0.0034369,0.0034374,0.0034265,0.0034324
2021-11-16,0.0034549,0.0034715,0.0034529,0.0034597
2021-11-17,0.0034728,0.0034828,0.0034692,0.0034783
2021-11-18,0.0034859,0.0034931,0.0034797,0.003491
2021-11-19,0.0034731,0.0034797,0.0034675,0.0034728
2021-11-22,0.003499,0.0035078,0.0034933,0.0035014
2021-11-23,0.0035185,0.0035269,0.0035181,0.0035255
2021-11-24,0.0035151,0.0035226,0.0035138,0.003521
2021-11-25,0.0035137,0.0035139,0.0035047,0.0035077
2021-11-26,0.0035061,0.0035062,0.0034965,0.0034993
2021-11-29,0.0034873,0.0034981,0.0034863,0.003491
2021-11-30,0.0034805,0.0034912,0.0034761,0.0034774
2021-12-01,0.0034762,0.003488,0.0034703,0.0034825
2021-12-02,0.0034702,0.0034765,0.0034622,0.0034715
2021-12-03,0.0034545,0.0034603,0.0034494,0.0034514
2021-12-06,0.0034361,0.0034497,0.0034324,0.0034489
2021-12-07,0.0034476,0.0034488,0.0034398,0.0034487
2021-12-08,0.0034535,0.0034568,0.0034477,0.0034504
2021-12-09,0.0034679,0.0034725,0.0034646,0.0034708
2021-12-10,0.0034606,0.0034657,0.0034528,0.0034536
2021-12-13,0.0034589,0.0034727,0.003458,0.0034689
2021-12-14,0.0034686,0.0034787,0.0034679,0.0034774
2021-12-15,0.0034706,0.003472,0.0034568,0.0034606
2021-12-16,0.0034524,0.0034642,0.0034522,0.0034576
2021-12-17,0.0034462,0.0034522,0.0034437,0.0034487
2021-12-20,0.0034669,0.0034686,0.0034548,0.0034559
2021-12-21,0.0034472,0.0034485,0.0034366,0.0034381
2021-12-22,0.0034372,0.0034432,0.0034365,0.0034412
2021-12-23,0.0034431,0.0034454,0.0034361,0.0034433
2021-12-24,0.0034498,0.00345,0.0034425,0.0034466
2021-12-27,0.0034387,0.0034486,0.0034379,0.003446
2021-12-28,0.0034221,0.0034269,0.0034199,0.0034208
2021-12-29,0.0034201,0.0034308,0.0034201,0.0034299
2021-12-30,0.0034161,0.003422,0.0034128,0.0034149
2021-12-31,0.0034086,0.0034128,0.0034037,0.0034094
2022-01-03,0.0033926,0.0034015,0.0033885,0.0033958
2022-01-04,0.0033888,0.0033936,0.0033852,0.0033921
2022-01-05,0.0033784,0.0033798,0.0033703,0.0033713
2022-01-06,0.0033706,0.0033766,0.003368,0.0033737
2022-01-07,0.0033454,0.003356,0.0033445,0.0033531
2022-01-10,0.0033448,0.0033454,0.0033336,0.0033446
2022-01-11,0.003345,0.0033592,0.0033446,0.0033545
2022-01-12,0.0033541,0.0033573,0.0033492,0.0033527
2022-01-13,0.0033356,0.0033356,0.0033247,0.0033293
2022-01-14,0.0033397,0.0033404,0.0033295,0.0033343
2022-01-17,0.0033413,0.0033454,0.0033314,0.0033346
2022-01-18,0.0033302,0.0033388,0.0033282,0.0033356
2022-01-19,0.0033572,0.0033687,0.0033567,0.0033601
2022-01-20,0.0033547,0.0033554,0.0033403,0.0033422
2022-01-21,0.0033536,0.0033562,0.0033475,0.0033485
2022-01-24,0.0033495,0.00335,0.0033429,0.0033468
2022-01-25,0.003372,0.0033725,0.0033636,0.0033689
2022-01-26,0.0033883,0.0033891,0.0033825,0.0033864
2022-01-27,0.0033998,0.0034044,0.0033921,0.0034016
2022-01-28,0.0033993,0.0034005,0.0033887,0.0033895
2022-01-31,0.0033968,0.0033992,0.0033845,0.0033904
2022-02-01,0.0033844,0.0033859,0.0033788,0.0033839
2022-02-02,0.0033728,0.003373,0.0033669,0.0033696
2022-02-03,0.0033481,0.0033488,0.0033297,0.0033329
2022-02-04,0.0033095,0.0033122,0.0033007,0.0033088
2022-02-07,0.0033229,0.0033307,0.0033211,0.0033233
2022-02-08,0.0033109,0.0033164,0.0033071,0.0033164
2022-02-09,0.0033129,0.0033187,0.0033103,0.0033126
2022-02-10,0.003296,0.0032961,0.003285,0.0032853
2022-02-11,0.0032914,0.0033026,0.0032882,0.0033012
2022-02-14,0.0033506,0.0033615,0.0033484,0.0033602
2022-02-15,0.0033646,0.003365,0.0033456,0.0033461
2022-02-16,0.0033085,0.0033139,0.0033085,0.0033099
2022-02-17,0.0033084,0.0033249,0.003305,0.0033201
2022-02-18,0.0033221,0.0033289,0.003321,0.0033228
2022-02-21,0.0033476,0.0033477,0.003327,0.0033294
2022-02-22,0.0033632,0.0033669,0.0033581,0.0033643
2022-02-23,0.0033646,0.003372,0.003364,0.003364
2022-02-24,0.0034031,0.0034619,0.0033916,0.0034313
2022-02-25,0.0034338,0.0034433,0.0034318,0.0034339
2022-02-28,0.0035044,0.0035065,0.0034789,0.0034972
2022-03-01,0.0034899,0.0035025,0.0034851,0.0035024
2022-03-02,0.0035331,0.0035448,0.0035324,0.0035407
2022-03-03,0.0035512,0.0035629,0.003548,0.0035524
2022-03-04,0.003606,0.0036302,0.0035987,0.0036204
2022-03-07,0.0037328,0.003734,0.0036857,0.0036889
2022-03-08,0.0037153,0.0037212,0.0036996,0.0037002
2022-03-09,0.0036228,0.0036302,0.0036133,0.0036159
2022-03-10,0.0035235,0.0035245,0.0035085,0.003518
2022-03-11,0.0035333,0.0035393,0.003519,0.0035283
2022-03-14,0.0035394,0.0035444,0.0035275,0.0035394
2022-03-15,0.0034878,0.0034969,0.0034761,0.0034811
2022-03-16,0.0034567,0.0034649,0.0034496,0.0034615
2022-03-17,0.0034622,0.0034891,0.00344,0.0034863
2022-03-18,0.0034856,0.0035007,0.0034745,0.003492
2022-03-21,0.0035274,0.0035287,0.0035107,0.0035128
2022-03-22,0.0034943,0.0035063,0.0034914,0.0035063
2022-03-23,0.0034899,0.0035032,0.0034884,0.0034957
2022-03-24,0.0035215,0.0035316,0.0035158,0.0035289
2022-03-25,0.0035528,0.0035606,0.0035497,0.0035516
2022-03-28,0.0034835,0.003502,0.0034828,0.0035012
2022-03-29,0.0034899,0.0035056,0.0034877,0.0035019
2022-03-30,0.0034713,0.0034713,0.0034569,0.003461
2022-03-31,0.0034364,0.0034392,0.0034313,0.0034332
2022-04-01,0.0034525,0.0034554,0.0034462,0.0034544
2022-04-04,0.0034481,0.0034553,0.0034454,0.0034544
2022-04-05,0.0034659,0.0034864,0.0034657,0.0034838
2022-04-06,0.0034933,0.0035084,0.0034926,0.0035081
2022-04-07,0.0035117,0.0035151,0.0035027,0.0035064
2022-04-08,0.0034878,0.003493,0.0034837,0.0034841
2022-04-11,0.0034654,0.0034655,0.0034467,0.0034503
2022-04-12,0.0034691,0.00347,0.0034606,0.0034632
2022-04-13,0.0034859,0.0034944,0.0034799,0.0034843
2022-04-14,0.0034804,0.0034836,0.0034706,0.003472
2022-04-18,0.0034827,0.0034862,0.0034732,0.003474
2022-04-19,0.0034722,0.0034777,0.0034647,0.0034661
2022-04-20,0.0034694,0.0034821,0.0034655,0.003466
2022-04-21,0.0034645,0.0034693,0.0034566,0.0034574
2022-04-22,0.003447,0.0034525,0.003439,0.0034503
2022-04-25,0.0034518,0.0034649,0.003451,0.0034556
2022-04-26,0.0034655,0.0034726,0.0034592,0.0034597
2022-04-27,0.0035208,0.0035211,0.0035006,0.0035035
2022-04-28,0.0035232,0.0035318,0.0035142,0.0035173
2022-04-29,0.0035104,0.0035298,0.0035102,0.0035259
2022-05-02,0.003512,0.0035165,0.0034915,0.0035035
2022-05-03,0.0035188,0.0035295,0.0035185,0.003525
2022-05-04,0.0035325,0.0035441,0.0035279,0.0035315
2022-05-05,0.0034989,0.0035078,0.0034865,0.0035058
2022-05-06,0.0035018,0.0035132,0.0034899,0.0034963
2022-05-09,0.0035058,0.0035264,0.0034877,0.0035101
2022-05-10,0.0034872,0.0034897,0.0034778,0.0034811
2022-05-11,0.0034829,0.003483,0.0034736,0.0034767
2022-05-12,0.0034745,0.0034764,0.0034505,0.0034588
2022-05-13,0.0034817,0.0034983,0.0034817,0.0034897
2022-05-16,0.003518,0.0035241,0.0035,0.0035005
2022-05-17,0.0034817,0.0034983,0.0034817,0.003495
2022-05-18,0.0034822,0.0034868,0.0034734,0.0034866
2022-05-19,0.0034747,0.003491,0.0034683,0.0034765
2022-05-20,0.0034762,0.0034768,0.0034543,0.0034564
2022-05-23,0.00343739,0.00345533,0.00343739,0.00345478
2022-05-24,0.00342834,0.00342957,0.00341726,0.0034187
2022-05-25,0.00339607,0.00340229,0.00339083,0.00339868
2022-05-26,0.00339732,0.00340332,0.00339424,0.0033987
2022-05-27,0.00340678,0.00341252,0.00339775,0.00340709
2022-05-30,0.00339873,0.00343139,0.00339873,0.00342731
2022-05-31,0.00344121,0.00345513,0.00343234,0.00344093
2022-06-01,0.00343669,0.00344594,0.00343091,0.00343472
2022-06-02,0.00345335,0.00345452,0.00343386,0.00343543
2022-06-03,0.00343134,0.00343644,0.00342343,0.00342918
2022-06-06,0.00341742,0.0034185,0.00340794,0.00341151
2022-06-07,0.00341883,0.00342214,0.00341201,0.00341216
2022-06-08,0.00340795,0.00341385,0.0034066,0.00341026
2022-06-09,0.00340428,0.00341284,0.00339494,0.00341142
2022-06-10,0.0034304,0.00343188,0.00341659,0.00341703
2022-06-13,0.00343774,0.00343793,0.00341045,0.00342556
2022-06-14,0.00346066,0.00346878,0.00345013,0.00345485
2022-06-15,0.00346169,0.00348302,0.00345805,0.00346096
2022-06-16,0.00348274,0.00348654,0.00346693,0.0034707
2022-06-17,0.00347771,0.00349471,0.00347107,0.00347992
2022-06-20,0.00345462,0.00345529,0.00343795,0.00344178
2022-06-21,0.00341801,0.0034227,0.00341252,0.00341257
2022-06-22,0.00340876,0.00341607,0.00340381,0.00341338
2022-06-23,0.00342691,0.00342741,0.00341328,0.00341527
2022-06-24,0.00343689,0.00344569,0.00343372,0.00343823
2022-06-27,0.00343651,0.00346547,0.00343243,0.00345594
2022-06-28,0.00344011,0.00345184,0.0034391,0.00344672
2022-06-29,0.00345352,0.00345898,0.00344515,0.00345264
2022-06-30,0.00343394,0.00344391,0.00343164,0.00343337
2022-07-01,0.00348334,0.00348365,0.00346147,0.00346665
2022-07-04,0.00346065,0.00347049,0.00345618,0.00346126
2022-07-05,0.00348651,0.00349134,0.00347242,0.00347592
2022-07-06,0.00353285,0.00354397,0.00352639,0.00354132
2022-07-07,0.00358837,0.00360716,0.00358112,0.00360354
2022-07-08,0.00362342,0.00363188,0.00361318,0.00362166
2022-07-11,0.00362621,0.00362698,0.00361193,0.00361844
2022-07-12,0.00364797,0.00366045,0.00364145,0.00364987
2022-07-13,0.00367324,0.00368195,0.00366186,0.00367501
2022-07-14,0.00369128,0.00369158,0.00367458,0.00367916
2022-07-15,0.00364908,0.00364943,0.00361946,0.00362495
2022-07-18,0.00359358,0.00360504,0.00358832,0.00359522
2022-07-19,0.00357192,0.00361042,0.00357192,0.00360031
2022-07-20,0.00355839,0.00356326,0.00353633,0.00353845
2022-07-21,0.00357148,0.00357353,0.00355726,0.003562
2022-07-22,0.00356588,0.00356666,0.00355581,0.00355879
2022-07-25,0.00354466,0.00355119,0.00353835,0.00353908
2022-07-26,0.0035248,0.00353184,0.00351652,0.00352859
2022-07-27,0.00358635,0.0035894,0.00356284,0.00356682
2022-07-28,0.00359349,0.00360423,0.00358649,0.00360231
2022-07-29,0.00360652,0.00360837,0.00358348,0.00358997
2022-08-01,0.00355902,0.0035609,0.0035414,0.00354889
2022-08-02,0.00351529,0.00351944,0.00350515,0.00351881
2022-08-03,0.00354506,0.00355577,0.00353975,0.00354389
2022-08-04,0.0035351,0.00353656,0.00352008,0.00352449
2022-08-05,0.00353057,0.0035493,0.00352625,0.00354615
2022-08-08,0.00355184,0.00355758,0.0035396,0.00354279
2022-08-09,0.00354506,0.00354602,0.00352548,0.0035301
2022-08-10,0.00352136,0.00352293,0.00351142,0.00351341
2022-08-11,0.0035014,0.00350144,0.0034858,0.00349057
2022-08-12,0.00347156,0.00349574,0.00347069,0.00348869
2022-08-15,0.00348996,0.00348996,0.00348052,0.00348425
2022-08-16,0.00350942,0.00352301,0.00350883,0.00352002
2022-08-17,0.00349765,0.00350769,0.00349756,0.00350297
2022-08-18,0.00351297,0.00352085,0.00350021,0.00350478
2022-08-19,0.00353159,0.00354282,0.00352938,0.00354248
2022-08-22,0.00354414,0.00354953,0.00352881,0.00353403
2022-08-23,0.00356446,0.00357781,0.00356349,0.00357282
2022-08-24,0.00357441,0.00358037,0.00356828,0.00357926
2022-08-25,0.00356902,0.00357982,0.00356354,0.00356475
2022-08-26,0.00356046,0.00357562,0.00355945,0.00357036
2022-08-29,0.00355924,0.00355935,0.00354435,0.00354708
2022-08-30,0.00351444,0.00351948,0.00351001,0.00351229
2022-08-31,0.003491,0.00351379,0.00348513,0.00350951
2022-09-01,0.00350663,0.00350849,0.00348429,0.0034861
2022-09-02,0.00349413,0.0035015,0.00347919,0.00348022
2022-09-05,0.00349864,0.00349864,0.00347223,0.00348504
2022-09-06,0.00347327,0.00347437,0.00344538,0.0034472
2022-09-07,0.00346869,0.00346959,0.00344745,0.003452
2022-09-08,0.00342959,0.00342984,0.00341113,0.00341571
2022-09-09,0.00339873,0.00339969,0.00338256,0.00339492
2022-09-12,0.0033803,0.00338204,0.00336074,0.00336661
2022-09-13,0.00336934,0.00337516,0.00336314,0.00336982
2022-09-14,0.00339636,0.00340366,0.00339023,0.00339641
2022-09-15,0.00339623,0.00340108,0.00338341,0.0033961
2022-09-16,0.00337988,0.00339035,0.00337856,0.00338993
2022-09-19,0.00339463,0.00340028,0.00338779,0.00339228
2022-09-20,0.00337285,0.00339304,0.00336706,0.00338655
2022-09-21,0.00340221,0.00341625,0.00340113,0.00341315
2022-09-22,0.00347867,0.00348341,0.00344667,0.00344899
2022-09-23,0.00343857,0.00344044,0.0034289,0.00343069
2022-09-26,0.0034439,0.00348366,0.00344257,0.00345498
2022-09-27,0.00345587,0.00346091,0.0034491,0.00345459
2022-09-28,0.0034971,0.00350049,0.00347681,0.00347872
2022-09-29,0.00348196,0.00348231,0.00345551,0.00346399
2022-09-30,0.00345331,0.00346542,0.00344236,0.00345046
2022-10-03,0.00343548,0.00344122,0.00342323,0.00342847
2022-10-04,0.0034238,0.0034403,0.00342039,0.00343361
2022-10-05,0.00340299,0.00341378,0.00339175,0.0034115
2022-10-06,0.00343113,0.00347821,0.0034306,0.00346978
2022-10-07,0.00354246,0.00355018,0.00352874,0.00353475
2022-10-10,0.00351474,0.00352181,0.00349322,0.00350235
2022-10-11,0.00350498,0.00350795,0.00349113,0.0034986
2022-10-12,0.00349187,0.00350581,0.00348601,0.00349672
2022-10-13,0.00350324,0.00350484,0.00349292,0.00349606
2022-10-14,0.00344255,0.00344809,0.00342637,0.00344257
2022-10-17,0.00343618,0.00346321,0.0034326,0.00345872
2022-10-18,0.00340296,0.0034276,0.00340296,0.00342189
2022-10-19,0.00340367,0.00343409,0.00340346,0.00341621
2022-10-20,0.00342709,0.00344167,0.00342591,0.00343386
2022-10-21,0.00341073,0.0034117,0.00338845,0.00339042
2022-10-24,0.0033905,0.00339099,0.00336822,0.00337262
2022-10-25,0.00335281,0.00338504,0.00335215,0.00337721
2022-10-26,0.00335339,0.00336373,0.00334534,0.00335306
2022-10-27,0.00332806,0.00332972,0.00330805,0.00332676
2022-10-28,0.00333467,0.00334244,0.00332966,0.00333123
2022-10-31,0.00333266,0.00334008,0.00332993,0.00333249
2022-11-01,0.00334716,0.00335848,0.00334011,0.00334965
2022-11-02,0.00335883,0.00335925,0.00334746,0.00335084
2022-11-03,0.00337896,0.00338101,0.00335789,0.00337156
2022-11-04,0.00338252,0.00338424,0.00336747,0.00338101
2022-11-07,0.00336484,0.00336484,0.00334429,0.0033634
2022-11-08,0.00334625,0.00337603,0.0033449,0.00337406
2022-11-09,0.00338905,0.00341908,0.00337844,0.00341379
2022-11-10,0.00343085,0.00345358,0.00341784,0.00341989
2022-11-11,0.00340575,0.00348849,0.00340524,0.00348784
2022-11-14,0.00344657,0.00345088,0.00341084,0.00341867
2022-11-15,0.00344592,0.00346422,0.00343936,0.00345821
2022-11-16,0.00347838,0.00349539,0.00343614,0.00343808
2022-11-17,0.0033826,0.00339626,0.00336798,0.00337639
2022-11-18,0.003382,0.00339397,0.00337997,0.0033865
2022-11-21,0.00339738,0.00339792,0.00336893,0.00337805
2022-11-22,0.00337287,0.00338752,0.0033693,0.00337891
2022-11-23,0.0033734,0.00338623,0.00336545,0.00337227
2022-11-24,0.00337677,0.00340022,0.00337051,0.00339405
2022-11-25,0.00340263,0.00341545,0.00338462,0.00340789
2022-11-28,0.00338742,0.00338927,0.00337861,0.00338103
2022-11-29,0.00337631,0.00340573,0.00337461,0.00339185
2022-11-30,0.00341799,0.00343099,0.00340486,0.00342843
2022-12-01,0.00343276,0.00345627,0.00342573,0.00344755
2022-12-02,0.00341504,0.00343847,0.00341469,0.00342656
2022-12-05,0.00340531,0.00342332,0.00340527,0.00341736
2022-12-06,0.00343762,0.00344346,0.00341013,0.00341122
2022-12-07,0.00339445,0.00341335,0.00338193,0.0034024
2022-12-08,0.00339617,0.00339665,0.00337728,0.00338928
2022-12-09,0.00336864,0.00340607,0.00336762,0.00340309
2022-12-12,0.00341864,0.00341952,0.00339967,0.00340911
2022-12-13,0.00340546,0.00342006,0.00339781,0.0034159
2022-12-14,0.00342632,0.00342656,0.00339921,0.00341674
2022-12-15,0.00338327,0.00338514,0.00336849,0.00337298
2022-12-16,0.00334574,0.0033706,0.00334509,0.00336705
2022-12-19,0.00337891,0.00340622,0.00337623,0.00338943
2022-12-20,0.00339375,0.00342573,0.00338935,0.00342354
2022-12-21,0.00342448,0.00343137,0.00341277,0.00342289
2022-12-22,0.00343032,0.00344008,0.00342666,0.00343413
2022-12-23,0.00338884,0.00341785,0.00338811,0.00341515
2022-12-27,0.00342202,0.00345035,0.003421,0.00344152
2022-12-28,0.00345465,0.0034735,0.00345406,0.00346925
2022-12-29,0.00346255,0.00349619,0.00346235,0.00349243
2023-01-02,0.00346563,0.00347097,0.00344148,0.00344735
2023-01-03,0.00344656,0.00345695,0.00342511,0.00344391
2023-01-04,0.00346228,0.00348071,0.00345966,0.00347226
2023-01-05,0.00346317,0.00348166,0.00345438,0.00347029
2023-01-06,0.00349109,0.00352433,0.00349093,0.00350801
2023-01-09,0.00351262,0.003531,0.00350439,0.00352504
2023-01-10,0.00352931,0.00353468,0.0035192,0.00352054
2023-01-11,0.00351969,0.00352497,0.00349929,0.00350783
2023-01-12,0.00350478,0.00350925,0.00349166,0.00349501
2023-01-13,0.00348837,0.00349983,0.00347798,0.00348118
2023-01-16,0.00350459,0.00350739,0.00349888,0.00350002
2023-01-17,0.00349167,0.00350391,0.00348996,0.00349554
2023-01-18,0.00352014,0.00352378,0.00349875,0.00351633
2023-01-19,0.0035383,0.00355517,0.00353382,0.00355517
2023-01-20,0.00353466,0.0035388,0.00351937,0.00352749
2023-01-23,0.00352006,0.00352866,0.00351167,0.00351855
2023-01-24,0.00352308,0.0035254,0.00351233,0.00351514
2023-01-25,0.00350929,0.00351114,0.0035028,0.00350341
2023-01-26,0.00350244,0.00351061,0.00350162,0.00350916
2023-01-27,0.00351053,0.00352433,0.00350989,0.00351861
2023-01-30,0.00352515,0.00352922,0.00351838,0.00352766
2023-01-31,0.00352401,0.00353318,0.00352401,0.00353243
2023-02-01,0.00351747,0.00352384,0.00351422,0.00351652
2023-02-02,0.00349361,0.00350919,0.0034919,0.00349673
2023-02-03,0.00350575,0.00351169,0.00349738,0.00349746
2023-02-06,0.00349959,0.00351991,0.0034944,0.00349471
2023-02-07,0.00350347,0.00352522,0.00350313,0.00351377
2023-02-08,0.00352426,0.00353386,0.00351056,0.00351295
2023-02-09,0.00350772,0.00351001,0.00349116,0.00349552
2023-02-10,0.00350074,0.0035111,0.00349942,0.00350736
2023-02-13,0.00352617,0.0035345,0.00350647,0.00351096
2023-02-14,0.00350426,0.00352013,0.00350254,0.00351331
2023-02-15,0.00349379,0.00349379,0.00346705,0.00347212
2023-02-16,0.00347222,0.00347947,0.00346155,0.00346775
2023-02-17,0.00346896,0.00346901,0.00343895,0.00345194
2023-02-20,0.00343811,0.00344418,0.00343131,0.00343933
2023-02-21,0.00342518,0.00343701,0.00342326,0.00343089
2023-02-22,0.00341484,0.00342451,0.0034138,0.00341901
2023-02-23,0.00343694,0.00345422,0.00342838,0.00344441
2023-02-24,0.00343554,0.00343848,0.00341791,0.00342366
2023-02-27,0.00340187,0.00340734,0.00338491,0.00338514
2023-02-28,0.00336945,0.00338371,0.00335824,0.00336201
2023-03-01,0.00336541,0.00337657,0.00336085,0.00337359
2023-03-02,0.00335439,0.00335776,0.00333948,0.00334508
2023-03-03,0.0033818,0.00340689,0.00338144,0.0033993
2023-03-06,0.00342023,0.00342112,0.00340838,0.00341388
2023-03-07,0.00337831,0.00338211,0.0033721,0.00337464
2023-03-08,0.0033717,0.00338133,0.0033639,0.0033705
2023-03-09,0.00337132,0.00337348,0.0033605,0.00336256
2023-03-10,0.00334044,0.00335302,0.00332991,0.00333277
2023-03-13,0.00331763,0.00335285,0.00331713,0.0033473
2023-03-14,0.00336773,0.00336973,0.003341,0.00334409
2023-03-15,0.00336306,0.00337483,0.00335771,0.00336366
2023-03-16,0.00338837,0.00339689,0.00338024,0.00338434
2023-03-17,0.00340015,0.00340015,0.00338138,0.00338274
2023-03-20,0.00336492,0.00338472,0.0033544,0.00335655
2023-03-21,0.00336233,0.00336758,0.00335308,0.00335618
2023-03-22,0.00333441,0.00333668,0.00332313,0.0033253
2023-03-23,0.00332008,0.00336602,0.00331751,0.00334987
2023-03-24,0.00336123,0.00336728,0.00334589,0.00334813
2023-03-27,0.00335725,0.00335943,0.00334173,0.00335103
2023-03-28,0.00334435,0.00334923,0.00333507,0.00333633
2023-03-29,0.0033256,0.00332872,0.00331553,0.00331989
2023-03-30,0.00330795,0.00332788,0.00330793,0.00332788
2023-03-31,0.003305,0.00332282,0.00329762,0.00330075
2023-04-03,0.0033125,0.00331318,0.0032795,0.0032919
2023-04-04,0.0032739,0.0032846,0.00326087,0.00326114
2023-04-05,0.00325357,0.00325991,0.0032478,0.0032596
2023-04-06,0.00326423,0.00326912,0.00325548,0.00326035
2023-04-10,0.0032575,0.00325968,0.00324504,0.00325519
2023-04-11,0.00326475,0.00327257,0.00325912,0.00326054
2023-04-12,0.00323346,0.00323442,0.00322098,0.0032212
2023-04-13,0.00319952,0.00323251,0.00318997,0.00322341
2023-04-14,0.00322322,0.00323221,0.00321676,0.0032239
2023-04-17,0.0032401,0.0032405,0.00321619,0.00322174
2023-04-18,0.0032157,0.00321736,0.00320893,0.00321323
2023-04-19,0.00319945,0.0032149,0.00319455,0.00319847
2023-04-20,0.00317756,0.00318163,0.00316602,0.00317996
2023-04-21,0.00316787,0.00316795,0.00315125,0.00315999
2023-04-24,0.00315605,0.00315884,0.00314225,0.00314729
2023-04-25,0.00312122,0.00312948,0.00311193,0.0031268
2023-04-26,0.0031207,0.00313533,0.0031207,0.00312994
2023-04-27,0.00310222,0.00310359,0.00308993,0.00309453
2023-04-28,0.0030954,0.00310788,0.00309254,0.00310699
2023-05-01,0.00311593,0.00311752,0.00310852,0.00310996
2023-05-02,0.00312507,0.00313128,0.00312351,0.00312822
2023-05-03,0.0030957,0.00310795,0.00309562,0.00310739
2023-05-04,0.00310564,0.00313506,0.00310475,0.00312701
2023-05-05,0.0031521,0.00316049,0.00314701,0.00315251
2023-05-08,0.00314632,0.00314648,0.00312954,0.00313851
2023-05-09,0.00313611,0.00314313,0.00312954,0.00313724
2023-05-10,0.00313218,0.00313813,0.00313036,0.0031346
2023-05-11,0.0031218,0.00312439,0.00310924,0.00311545
2023-05-12,0.00312823,0.00312893,0.0031095,0.00311568
2023-05-15,0.00310005,0.00311599,0.00309905,0.00311547
2023-05-16,0.00310213,0.0031069,0.00309817,0.00309847
2023-05-17,0.00308248,0.00309434,0.00308137,0.00309244
2023-05-18,0.00312578,0.00313531,0.00312052,0.00312799
2023-05-19,0.00316124,0.00318093,0.00316111,0.00318069
2023-05-22,0.00316771,0.00319108,0.00316717,0.00318131
2023-05-23,0.00316866,0.00317976,0.00316702,0.00317181
2023-05-24,0.00315707,0.00316416,0.00315528,0.00315874
2023-05-25,0.00318113,0.00318207,0.00316733,0.00316941
2023-05-26,0.00315699,0.00316966,0.00315699,0.0031671
2023-05-30,0.00318593,0.00319655,0.00318515,0.00319144
2023-05-31,0.00320205,0.00321312,0.00320153,0.00321159
2023-06-01,0.00320261,0.00321167,0.00320261,0.00320684
2023-06-02,0.00319792,0.00321179,0.00319652,0.00320914
2023-06-05,0.00321643,0.00321683,0.00320483,0.00321089
2023-06-07,0.00321807,0.00322331,0.00321476,0.00321528
2023-06-08,0.00320394,0.00321632,0.00320354,0.00321471
2023-06-09,0.0031994,0.00321089,0.00319706,0.00320861
2023-06-12,0.00320998,0.00321018,0.00319779,0.00320521
2023-06-13,0.00321643,0.00324671,0.00321501,0.00323565
2023-06-14,0.00327932,0.00328062,0.00325298,0.00325612
2023-06-15,0.00322063,0.00322396,0.00320141,0.00321789
2023-06-16,0.00320173,0.00320195,0.00318695,0.00319101
2023-06-19,0.003198,0.00319862,0.00318292,0.00319229
2023-06-20,0.00317522,0.00318706,0.00317011,0.00318514
2023-06-21,0.003159,0.00316209,0.00314639,0.00314809
2023-06-22,0.003131,0.00313202,0.00312087,0.00312352
2023-06-23,0.00311047,0.00311209,0.00310268,0.00310736
2023-06-26,0.00311062,0.00312715,0.00311062,0.00312426
2023-06-27,0.00312198,0.0031292,0.00311314,0.0031233
2023-06-28,0.00312696,0.00312704,0.00310624,0.00310683
2023-06-29,0.00312679,0.00314057,0.00312128,0.00312128
2023-06-30,0.00309058,0.00310658,0.00309013,0.00309933
2023-07-03,0.00308906,0.00311209,0.00308858,0.00311028
2023-07-04,0.00311181,0.0031287,0.00311005,0.00312282
2023-07-05,0.0031435,0.0031441,0.00312175,0.00313538
2023-07-06,0.0031534,0.00316509,0.00314721,0.00316208
2023-07-07,0.00314437,0.00315472,0.00314273,0.0031521
2023-07-10,0.00312703,0.00312808,0.0031128,0.00311469
2023-07-11,0.00310717,0.00312357,0.00310323,0.00311752
2023-07-12,0.00312027,0.00312427,0.00310724,0.00311897
2023-07-13,0.00312577,0.00312958,0.0031142,0.00312325
2023-07-14,0.00312455,0.00314216,0.00311839,0.00313972
2023-07-17,0.00312752,0.00313948,0.00312492,0.00313297
2023-07-18,0.00312382,0.00313784,0.0031198,0.00312819
2023-07-19,0.00313155,0.00313759,0.00312357,0.00313759
2023-07-20,0.00313819,0.00314275,0.00312942,0.00313065
2023-07-21,0.00312951,0.00313165,0.00311188,0.00311312
2023-07-24,0.00311997,0.00313554,0.00311335,0.00313048
2023-07-25,0.0031415,0.00314421,0.00313021,0.00314226
2023-07-26,0.00314407,0.00314413,0.00313085,0.00314062
2023-07-27,0.00313616,0.00314743,0.00311807,0.00312156
2023-07-28,0.0031378,0.00316597,0.00313771,0.0031538
2023-07-31,0.00314361,0.00315246,0.00313555,0.00314626
2023-08-01,0.00313445,0.00313988,0.0031236,0.00312389
2023-08-02,0.00313658,0.00314139,0.00312428,0.00312695
2023-08-03,0.00312916,0.00313687,0.0031223,0.00313288
2023-08-04,0.00313645,0.00313697,0.0031079,0.00310866
2023-08-07,0.00309316,0.00310194,0.00307935,0.0030945
2023-08-08,0.00307547,0.00308216,0.00305961,0.00306043
2023-08-09,0.00309113,0.00309252,0.00307924,0.00308754
2023-08-10,0.00309549,0.00309554,0.00308247,0.00308404
2023-08-11,0.00307205,0.00307212,0.0030575,0.00305894
2023-08-14,0.00304469,0.00305427,0.00304117,0.00305018
2023-08-15,0.00305416,0.00305707,0.0030446,0.00304984
2023-08-16,0.00306779,0.0030716,0.00306199,0.00306247
2023-08-17,0.00306031,0.00306898,0.00306028,0.00306241
2023-08-18,0.00306748,0.00308826,0.00306729,0.00307436
2023-08-21,0.00306065,0.00306069,0.00305327,0.00305483
2023-08-22,0.00306308,0.00306926,0.00305993,0.00306631
2023-08-23,0.00307274,0.00308171,0.00306965,0.00307193
2023-08-24,0.0030926,0.00311445,0.00309221,0.00311143
2023-08-25,0.00312199,0.00313815,0.00312118,0.00313581
2023-08-28,0.00312367,0.00313325,0.00312026,0.00312034
2023-08-29,0.00311802,0.00312634,0.0031166,0.00312628
2023-08-30,0.00310977,0.00311413,0.00310304,0.00310319
2023-08-31,0.00308949,0.00309801,0.00308802,0.00309561
2023-09-01,0.00311212,0.00313422,0.00311205,0.00313422
2023-09-04,0.00314382,0.00314735,0.00313563,0.00314124
2023-09-05,0.00314293,0.00314325,0.00312736,0.00312752
2023-09-06,0.00314355,0.00314903,0.00313362,0.00314858
2023-09-07,0.0031933,0.00319887,0.00318649,0.00319735
2023-09-08,0.00323795,0.00324192,0.00323028,0.0032324
2023-09-11,0.00322344,0.0032333,0.00322344,0.00323161
2023-09-12,0.00325858,0.00326148,0.00324981,0.00325754
2023-09-13,0.00326759,0.0032694,0.00326162,0.00326686
2023-09-14,0.00324448,0.00325224,0.00324335,0.00324949
2023-09-15,0.00327942,0.00328276,0.00327313,0.00328107
2023-09-18,0.00327198,0.00328741,0.00327151,0.00328448
2023-09-19,0.00328023,0.00328693,0.00327671,0.0032773
2023-09-20,0.00328375,0.00329764,0.00328155,0.00328357
2023-09-21,0.00324904,0.00324938,0.00323426,0.00323862
2023-09-22,0.00322597,0.00324336,0.00322597,0.00324235
2023-09-25,0.00323648,0.00324922,0.00323566,0.0032419
2023-09-26,0.00324852,0.00325328,0.00322881,0.00323235
2023-09-27,0.0032188,0.00323562,0.00321766,0.00323417
2023-09-28,0.00325875,0.00326191,0.00325026,0.00325471
2023-09-29,0.00325604,0.00325733,0.00324422,0.00324717
2023-10-02,0.0032345,0.00324197,0.00323259,0.003233
2023-10-03,0.00325226,0.00325283,0.00323781,0.00324064
2023-10-04,0.0032527,0.00325623,0.00324622,0.00325289
2023-10-05,0.00324699,0.00325078,0.00323902,0.00324313
2023-10-06,0.00324115,0.00324298,0.00323299,0.00323396
2023-10-09,0.00322368,0.00322588,0.00320201,0.00321033
2023-10-10,0.00320245,0.00321174,0.00319812,0.00320164
2023-10-11,0.00318693,0.00319877,0.0031866,0.00319629
2023-10-12,0.00318215,0.00318281,0.0031709,0.00317615
2023-10-13,0.00319492,0.00319657,0.00318861,0.0031906
2023-10-16,0.0031287,0.00314042,0.00312796,0.00313821
2023-10-17,0.00312792,0.00312794,0.00311712,0.00312459
2023-10-18,0.00309015,0.00311314,0.0030883,0.00310576
2023-10-19,0.00311825,0.0031197,0.00311153,0.00311474
2023-10-20,0.00309899,0.00311922,0.00309497,0.00311757
2023-10-23,0.003117,0.00311937,0.00311046,0.00311282
2023-10-24,0.00311002,0.00311134,0.00310462,0.00311007
2023-10-25,0.00313474,0.00313485,0.00312143,0.00312444
2023-10-26,0.00313107,0.00313149,0.00312222,0.00312584
2023-10-27,0.00311661,0.00312468,0.00311097,0.0031199
2023-10-30,0.00311638,0.00312968,0.00311617,0.00312542
2023-10-31,0.0031088,0.00311399,0.00310251,0.00310469
2023-11-01,0.00311635,0.00311681,0.00310457,0.00310538
2023-11-02,0.00312929,0.00314175,0.00312909,0.00313732
2023-11-03,0.00313855,0.00317289,0.00313391,0.00317044
2023-11-06,0.00317154,0.00319421,0.00316567,0.00319304
2023-11-07,0.00320478,0.00320482,0.00317712,0.00317882
2023-11-08,0.00319624,0.0032086,0.00318477,0.00318527
2023-11-09,0.00316892,0.00318295,0.00316187,0.00316839
2023-11-10,0.00315887,0.00316434,0.00315372,0.00316278
2023-11-13,0.003141,0.0031418,0.00312819,0.00312872
2023-11-14,0.003135,0.00313722,0.00311418,0.00311442
2023-11-15,0.0030975,0.00311596,0.00309283,0.00310789
2023-11-16,0.00310234,0.00312588,0.0030991,0.00312266
2023-11-17,0.00311513,0.00311961,0.00310258,0.00311454
2023-11-20,0.00310526,0.00312138,0.00309649,0.00311279
2023-11-21,0.0030834,0.00309268,0.0030735,0.0030735
2023-11-22,0.00309157,0.00310372,0.00308749,0.00308834
2023-11-23,0.00308501,0.00309254,0.00307762,0.00308202
2023-11-24,0.00308092,0.00309003,0.00307192,0.00307298
2023-11-27,0.00305832,0.00306843,0.00305247,0.0030544
2023-11-28,0.00305588,0.00307262,0.00305386,0.003066
2023-11-29,0.00304363,0.00305251,0.00304035,0.00304155
2023-11-30,0.00306853,0.00307627,0.00305882,0.00306626
2023-12-01,0.00307712,0.00307766,0.00305342,0.00305369
2023-12-04,0.00307414,0.00308233,0.00305333,0.00305523
2023-12-05,0.00304874,0.00305183,0.00303707,0.00303849
2023-12-06,0.00304889,0.0030557,0.00304574,0.00304725
2023-12-07,0.00305687,0.00305687,0.00303109,0.00303268
2023-12-08,0.00304761,0.00308036,0.00304761,0.00307479
2023-12-11,0.00305531,0.00305893,0.00305147,0.00305389
2023-12-12,0.003063,0.00306401,0.0030576,0.0030598
2023-12-13,0.00305493,0.00305512,0.00303916,0.00303983
2023-12-14,0.00305246,0.00305452,0.00303664,0.00304602
2023-12-15,0.00304129,0.00304984,0.00303202,0.00303677
2023-12-18,0.00305795,0.00306742,0.00305143,0.00305953
2023-12-19,0.0030365,0.00304401,0.00302525,0.00302749
2023-12-20,0.00302762,0.0030442,0.00302569,0.0030442
2023-12-21,0.00304721,0.00304836,0.00303879,0.00303999
2023-12-22,0.00303621,0.00303623,0.00302027,0.00302157
2023-12-26,0.00303929,0.00304016,0.00302433,0.00303456
2023-12-27,0.00302639,0.00303605,0.0030253,0.00303115
2023-12-28,0.00300433,0.00302415,0.00300429,0.00301834
2023-12-29,0.00304619,0.00305186,0.00303323,0.00303389
